resid,resname,rmsf_angstrom
1,MET,4.541383219449274
2,ALA,4.62076640794842
3,PHE,4.04763612944602
4,ALA,3.9852558488332073
5,ASN,4.034203943086634
6,LEU,3.9533446900292537
7,ARG,4.023737626107431
8,LYS,4.063205064640898
9,VAL,3.873404949540688
10,LEU,3.8662972626765333
11,ILE,3.759304749067779
12,SER,3.762996000984764
13,ASP,3.6567891499533474
14,SER,3.6941339898911334
15,LEU,3.6770912416701065
16,ASP,3.77159130296335
17,PRO,3.915012838849273
18,CYS,3.8247911513559467
19,CYS,3.737452480593865
20,ARG,3.8637176468033974
21,LYS,3.9260640677384115
22,ILE,3.7969113921648088
23,LEU,3.8368227953626577
24,GLN,3.976664485814012
25,ASP,3.957973138894949
26,GLY,3.854849436616692
27,GLY,4.0712867395704775
28,LEU,3.9641812242911976
29,GLN,4.045153866013958
30,VAL,4.028740645635748
31,VAL,4.078559210067459
32,GLU,4.026022951290644
33,LYS,4.070780142660368
34,GLN,4.016146004855347
35,ASN,4.079592809239403
36,LEU,4.032306001000798
37,SER,4.048858059333745
38,LYS,3.9318219371979444
39,GLU,4.1765921511101
40,GLU,4.215046354668561
41,LEU,3.988336239587285
42,ILE,4.068858209468003
43,ALA,4.235244638604447
44,GLU,4.144614956365634
45,LEU,4.040779495736199
46,GLN,4.248059885229265
47,ASP,4.202178183010245
48,CYS,4.022275082728193
49,GLU,3.940866746599048
50,GLY,3.7970430185599393
51,LEU,3.717260646197456
52,ILE,3.6102418699184304
53,VAL,3.5192060430471988
54,ARG,3.427817784844739
55,SER,3.3899002833181107
56,ALA,3.539490008214715
57,THR,3.574603593061247
58,LYS,3.537241443486014
59,VAL,3.5820669496033744
60,THR,3.61902109957475
61,ALA,3.727065891636774
62,ASP,3.8973757878057986
63,VAL,3.867911344528487
64,ILE,3.838798818698608
65,ASN,3.971476694304488
66,ALA,4.0182338741400505
67,ALA,3.926467617434273
68,GLU,4.084259775405823
69,LYS,4.05664263283752
70,LEU,3.8809727759228165
71,GLN,3.7614928988754146
72,VAL,3.6721127439865415
73,VAL,3.577940400193101
74,GLY,3.4775172970865698
75,ARG,3.3829478004206734
76,ALA,3.32980649528857
77,GLY,3.249447321624252
78,TPO,3.191810724412836
79,GLY,3.155036500073781
80,VAL,3.2296941967266775
81,ASP,3.254193011671822
82,ASN,3.357440838711789
83,VAL,3.4269757377153356
84,ASP,3.4735575212973933
85,LEU,3.4537700611373716
86,GLU,3.576026718637751
87,ALA,3.6939139943467847
88,ALA,3.6605598997018745
89,THR,3.646630802677933
90,ARG,3.767147314815446
91,LYS,3.841359319142563
92,GLY,3.775590112409528
93,ILE,3.671595950935888
94,LEU,3.5825285703395267
95,VAL,3.4658131667126946
96,MET,3.4162658620022768
97,ASN,3.3259665506076104
98,THR,3.254515307936247
99,PRO,3.124518208936461
100,ASN,3.190686740158776
101,GLY,3.181210214513588
102,ASN,3.0843371587594213
103,SER,2.9143785769976205
104,LEU,2.720375629022789
105,SER,2.7424992406187028
106,ALA,2.801868735635681
107,ALA,2.760842332680737
108,GLU,2.6458327397260977
109,LEU,2.7557529798479448
110,THR,2.8552509023109796
111,CYS,2.7239203860364216
112,GLY,2.70456493158801
113,MET,2.860557879421805
114,ILE,2.8653611973406883
115,MET,2.7871698043144795
116,CYS,2.866856953340482
117,LEU,2.942732511846002
118,ALA,2.92261984161987
119,ARG,2.932334282190169
120,GLN,3.006305741089789
121,ILE,2.838607415233337
122,PRO,3.072920967013154
123,GLN,3.4607338883694863
124,ALA,3.056414329261024
125,THR,2.9499995954192713
126,ALA,3.463283913299678
127,SER,3.69101838511132
128,MET,3.4697855258765644
129,LYS,3.666223432607711
130,ASP,4.290520532583611
131,GLY,4.280564112710988
132,LYS,4.286433246564439
133,TRP,4.279035659228563
134,GLU,4.270369040753492
135,ARG,3.8970237398711114
136,LYS,4.183693856351162
137,LYS,4.054970771899993
138,PHE,3.3881557314645026
139,MET,3.369861426810111
140,GLY,3.1252552807320817
141,THR,3.293514185300776
142,GLU,3.2127216950980513
143,LEU,3.0166962412152927
144,ASN,3.1261109910603233
145,GLY,3.1504598717319294
146,LYS,3.0856165077379725
147,THR,3.158145766240127
148,LEU,3.034722645490237
149,GLY,3.1042862620369536
150,ILE,3.046914728262233
151,LEU,3.0799824447103217
152,GLY,2.97902335469634
153,LEU,3.0189122193146507
154,GLY,3.0022640876215076
155,ARG,2.7971246978992337
156,ILE,2.848679000790085
157,GLY,2.919853402323559
158,ARG,2.9192251639653715
159,GLU,2.829567255075036
160,VAL,2.8696781580959723
161,ALA,2.989302641671159
162,THR,2.9243819072306647
163,ARG,2.825053298901518
164,MET,2.9319533887210993
165,GLN,3.0148724548446175
166,SER,2.977455677407538
167,PHE,2.9793626931688486
168,GLY,3.076942689063298
169,MET,3.039942230295095
170,LYS,3.122984706797406
171,THR,3.089235221642681
172,ILE,3.193893437830957
173,GLY,3.1527389963920562
174,TYR,3.2062349317301617
175,ASP,3.2120486263951253
176,PRO,3.416027784881567
177,ILE,3.3820319747663565
178,ILE,3.210884637938894
179,SER,3.306721605061338
180,PRO,3.3532945987560945
181,GLU,3.4587666038010303
182,VAL,3.2773355807173905
183,SER,3.1937041215160766
184,ALA,3.3801684781508063
185,SER,3.318309830300389
186,PHE,3.163957773109449
187,GLY,3.2334231518008822
188,VAL,3.188954575585538
189,GLN,3.3414799081071425
190,GLN,3.3033893024891743
191,LEU,3.333133079591602
192,PRO,3.2631114676004382
193,LEU,3.218341234206647
194,GLU,3.600162674687948
195,GLU,3.552566218786906
196,ILE,3.378908209213815
197,TRP,3.373602425637415
198,PRO,3.377462795014835
199,LEU,3.376851653777007
200,CYS,3.244421835372904
201,ASP,3.164516463477606
202,PHE,3.0215078747018334
203,ILE,3.060790568296423
204,THR,3.01678506279427
205,VAL,3.050058093376872
206,HIS,3.0815674029499123
207,THR,3.145564222327122
208,PRO,3.261379893270714
209,LEU,3.4244673933245715
210,LEU,3.583877019227223
211,PRO,3.7685910934326614
212,SER,3.674926675780752
213,THR,3.4501546030734764
214,THR,3.5493442344389465
215,GLY,3.5483645221682236
216,LEU,3.4053292382972207
217,LEU,3.3666854538823987
218,ASN,3.48073013028703
219,ASP,3.6002228323316254
220,ASN,3.689041826839795
221,THR,3.497009499059479
222,PHE,3.3906401081985655
223,ALA,3.5679166594634624
224,GLN,3.541195554646852
225,CYS,3.3850768156710282
226,LYS,3.307453474848733
227,LYS,3.305912877119264
228,GLY,3.1846652185688584
229,VAL,3.1615040496734883
230,ARG,3.0458794270790595
231,VAL,3.0720084184945033
232,VAL,3.0005692512117785
233,ASN,3.0199704340054025
234,CYS,3.0396156140132846
235,ALA,3.106450507169243
236,ARG,3.205760185487959
237,GLY,3.350752956268133
238,GLY,3.4835331502647504
239,ILE,3.3226949412741864
240,VAL,3.305674935488334
241,ASP,3.4119929540467115
242,GLU,3.3624080860201557
243,GLY,3.486410773046148
244,ALA,3.444157365211348
245,LEU,3.292814227835562
246,LEU,3.3505740576243164
247,ARG,3.4295907240465464
248,ALA,3.311435766441609
249,LEU,3.251959675269377
250,GLN,3.3335315101275595
251,SER,3.343442703909322
252,GLY,3.2395224374992035
253,GLN,3.2530684755219452
254,CYS,3.1746970717941507
255,ALA,3.156783162278499
256,GLY,3.0536168519350984
257,ALA,3.0336383374767553
258,ALA,2.9815489948716243
259,LEU,3.0134654886269785
260,ASP,3.190461801680411
261,VAL,3.1690503857445322
262,PHE,3.3456477045060242
263,THR,3.4330572352527686
264,GLU,3.568751363377412
265,GLU,3.48741201906603
266,PRO,3.470889181616239
267,PRO,3.41320033214675
268,ARG,3.5542932775438616
269,ASP,3.498916659831463
270,ARG,3.418002641928077
271,ALA,3.417781658758476
272,LEU,3.2935216418815147
273,VAL,3.2497147737399246
274,ASP,3.2191938379613547
275,HIS,3.2312296967184353
276,GLU,3.1557340752209715
277,ASN,3.0933881575409843
278,VAL,3.0813249417667534
279,ILE,3.0520253329761875
280,SER,3.093649241518359
281,CYS,2.934460400065696
282,PRO,2.864550253345383
283,HIS,2.9313168596376684
284,LEU,3.207303809227396
285,GLY,3.1175391267638966
286,ALA,3.036111575051587
287,SER,3.160150046817801
288,THR,3.2535516718770814
289,LYS,3.433035882757179
290,GLU,3.3352055405468666
291,ALA,3.2316137297960625
292,GLN,3.388735535573477
293,SER,3.4622999471945075
294,ARG,3.3597009665466633
295,CYS,3.3325678833684873
296,GLY,3.536047346837176
297,GLU,3.5326130986473663
298,GLU,3.4212072437061236
299,ILE,3.4901558920810856
300,ALA,3.6389493673029087
301,VAL,3.568010150850114
302,GLN,3.5528840612954093
303,PHE,3.680865459022607
304,VAL,3.7304026215163506
305,ASP,3.679888371468699
306,MET,3.78667523826846
307,VAL,3.9178256567186605
308,LYS,3.926246528107417
309,GLY,3.8711859521240592
310,LYS,3.7353463482844886
311,SER,3.6085819156590673
312,LEU,3.529408984701051
313,THR,3.4406824200148587
314,GLY,3.3672603478821475
315,VAL,3.3732423996618275
316,VAL,3.3135224077682666
317,ASN,3.3961463019797336
318,ALA,3.466024300194805
319,GLN,3.404690541761074
320,ALA,3.5251571060461746
321,LEU,3.5931366879455937
322,THR,3.5271721438070145
323,SER,3.5849191576096224
324,ALA,3.7051734225322526
325,PHE,3.672971448017293
326,SER,3.687171067209983
327,PRO,3.6678901047127828
328,HIS,3.7692477630207057
329,THR,3.7200088827182562
330,LYS,3.7245687630979263
331,PRO,3.798215689092365
332,TRP,3.797616946600181
333,ILE,3.787225395660071
334,GLY,3.8724925842565523
335,LEU,3.891327492067336
336,ALA,3.828733506881703
337,GLU,3.877987467828499
338,ALA,4.014861108742916
339,LEU,4.012676301995247
340,GLY,3.982742540752002
341,THR,4.086896368928707
342,LEU,4.195888240487034
343,MET,4.159774025482725
344,ARG,4.202167229914921
345,ALA,4.344765069001613
346,TRP,4.399989738018551
347,ALA,4.4177881311402025
348,GLY,4.442913463723696
349,SER,4.414284912285042
350,PRO,4.342361963555316
351,LYS,4.305108988334892
352,GLY,4.305080753555926
353,THR,4.152786374425169
354,ILE,4.085740010850151
355,GLN,4.08860429608304
356,VAL,3.930012245328153
357,ILE,3.9164080729850785
358,THR,3.8256305848667376
359,GLN,3.873763114023305
360,GLY,3.8423549648702835
361,THR,3.644526986252542
362,SER,3.6823007896949767
363,LEU,3.6741184134921547
364,LYS,3.60213843529766
365,ASN,3.5513283485230325
366,ALA,3.5398920862180385
367,GLY,3.5891155202455733
368,ASN,3.4829926709962367
369,CYS,3.5025142495147885
370,LEU,3.6970667399424673
371,SER,3.8086249619262933
372,PRO,3.7775316673064996
373,ALA,3.784755048181579
374,VAL,3.865986398633471
375,ILE,3.8666855309000154
376,VAL,3.8872369647026535
377,GLY,4.007448354107841
378,LEU,4.036802802421997
379,LEU,4.0226207854069465
380,LYS,4.129335158775205
381,GLU,4.252386345027357
382,ALA,4.249780061064023
383,SER,4.166672521023272
384,LYS,4.274861213871195
385,GLN,4.261050307235891
386,ALA,4.125088488078948
387,ASP,4.047239021822208
388,VAL,3.9473090042612125
389,ASN,3.8644509058999583
390,LEU,3.7289022379613885
391,VAL,3.661515223729613
392,ASN,3.7665712166258745
393,ALA,3.7989070735293704
394,LYS,3.7706841044782973
395,LEU,3.7894556620256705
396,LEU,3.8987272439433664
397,VAL,3.907377389844817
398,LYS,3.9472393149861005
399,GLU,4.00563137004047
400,ALA,4.019620815768219
401,GLY,4.075506388661449
402,LEU,4.0410564354273895
403,ASN,4.00867092118149
404,VAL,3.9626285962965033
405,THR,3.942999392343459
406,THR,3.886554627349808
407,SER,3.9600103060330283
408,HIS,3.8952367901269334
409,SER,4.081092487345412
410,PRO,4.055952321379485
411,ALA,4.111118283321272
412,ALA,4.311907195953063
413,PRO,4.215258759581107
414,GLY,4.486698043421988
415,GLU,4.985553901984587
416,GLN,4.658085490169368
417,GLY,4.313175032007868
418,PHE,3.8168551729684888
419,GLY,3.8460003083039984
420,GLU,4.000944554074304
421,CYS,3.8196544445499176
422,LEU,3.900312664114688
423,LEU,3.8753861712190356
424,ALA,3.959699284416579
425,VAL,4.006752529934503
426,ALA,4.136007741057275
427,LEU,4.184270214326854
428,ALA,4.230536017674309
429,GLY,4.3303906560921925
430,ALA,4.428076032260671
431,PRO,4.572159386316116
432,TYR,4.390735430359309
433,GLN,4.242038970415734
434,ALA,4.198471206825267
435,VAL,4.128894585357737
436,GLY,4.049233909144253
437,LEU,3.9391266048884046
438,VAL,3.916571116354014
439,GLN,3.9998086465932055
440,GLY,3.9529897255289708
441,THR,3.92574765659371
442,THR,4.065114162561175
443,PRO,4.0536229972462525
444,VAL,4.129115333749962
445,LEU,4.197598833873945
446,GLN,4.228851252292679
447,GLY,4.362661359032392
448,LEU,4.379736460416966
449,ASN,4.4513516235495825
450,GLY,4.4864501603898415
451,ALA,4.521747582775692
452,VAL,4.480991456415275
453,PHE,4.463722111826761
454,ARG,4.464547800710307
455,PRO,4.427307840154454
456,GLU,4.346769939677081
457,VAL,4.372964532239832
458,PRO,4.319290851696547
459,LEU,4.255256161294215
460,ARG,4.376075268012304
461,ARG,4.376361150347293
462,ASP,4.59693920999449
463,LEU,4.559517625210505
464,PRO,4.52725676120754
465,LEU,4.532519184006202
466,LEU,4.61981266187905
467,LEU,4.590912911634282
468,PHE,4.709541174948936
469,ARG,4.78119203292669
470,THR,5.010507827767728
471,GLN,5.216655014307688
472,THR,5.296074817783073
473,SER,5.822556544780719
474,ASP,5.665053294406443
475,PRO,5.890664440596532
476,ALA,5.777986828943462
477,MET,5.471103643740158
478,LEU,5.363011706590566
479,PRO,5.587160076112218
480,THR,5.468747250180192
481,MET,5.217033737050028
482,ILE,5.349532469978424
483,GLY,5.462132398509612
484,LEU,5.311202794060427
485,LEU,5.223511818038638
486,ALA,5.407819611646978
487,GLU,5.430547086418606
488,ALA,5.301177942055655
489,GLY,5.362014577223553
490,VAL,5.148055366178445
491,ARG,5.072369838787844
492,LEU,4.984040798374153
493,LEU,4.87620870327361
494,SER,4.805552150916089
495,TYR,4.798005749858306
496,GLN,4.743304637510133
497,THR,4.778641743101917
498,SER,4.629362604638285
499,LEU,4.655023678027977
500,VAL,4.813105174172176
501,SER,4.784577447987755
502,ASP,5.08376217836023
503,GLY,5.133547434217972
504,GLU,4.955495042828211
505,THR,4.80201224264627
506,TRP,4.646039195956092
507,HIS,4.73119977722188
508,VAL,4.655605247159429
509,MET,4.760206856441312
510,GLY,4.727599850733594
511,ILE,4.813589479455128
512,SER,4.894149418712737
513,SER,4.848433725793517
514,LEU,4.78773998112079
515,LEU,4.894282103935324
516,PRO,5.022740769671208
517,SER,5.0367167333153855
518,LEU,4.942207077533528
519,GLU,5.095476350793302
520,ALA,5.151342930490592
521,TRP,5.019403527726455
522,LYS,5.031797338437411
523,GLN,5.296084986136526
524,HIS,5.208302613053703
525,VAL,4.982040293204682
526,THR,4.962855304627839
527,GLU,4.891224090252481
528,ALA,4.793318896320438
529,PHE,4.614372311565368
530,GLN,4.565558997948426
531,PHE,4.395955270832668
532,HIS,4.355913060469287
533,PHE,4.218348303711693
